{"cameraMode":{"drawMode":0,"name":"Shaded","section":"Shading Mode"},"sceneLighting":true,"audioPlay":false,"sceneViewState":{"m_AlwaysRefresh":false,"showFog":true,"showSkybox":true,"showFlares":true,"showImageEffects":true,"showParticleSystems":true,"showVisualEffectGraphs":true,"m_FxEnabled":true},"in2DMode":false,"pivot":{"x":-1.7107787132263184,"y":2.2462799549102785,"z":-13.209665298461914},"rotation":{"x":0.031513266265392306,"y":0.9481194615364075,"z":-0.09993980079889298,"w":0.2995459735393524},"size":0.7307699918746948,"orthographic":false}